<?xml version="1.0" encoding="UTF-8"?>
<export version="E">
  <design>
    <source>/Users/jcohn/OnBoard/Alia V0/Alia V0.kicad_sch</source>
    <date>Tuesday, May 23, 2023 at 03:53:17 PM</date>
    <tool>Eeschema (6.0.9-0)</tool>
    <sheet number="1" name="/" tstamps="/">
      <title_block>
        <title/>
        <company/>
        <rev/>
        <date/>
        <source>Alia V0.kicad_sch</source>
        <comment number="1" value=""/>
        <comment number="2" value=""/>
        <comment number="3" value=""/>
        <comment number="4" value=""/>
        <comment number="5" value=""/>
        <comment number="6" value=""/>
        <comment number="7" value=""/>
        <comment number="8" value=""/>
        <comment number="9" value=""/>
      </title_block>
    </sheet>
    <sheet number="2" name="/prop1/" tstamps="/043259af-676c-4ab2-9ca4-e2b00b6b26c6/">
      <title_block>
        <title/>
        <company/>
        <rev/>
        <date/>
        <source>props.kicad_sch</source>
        <comment number="1" value=""/>
        <comment number="2" value=""/>
        <comment number="3" value=""/>
        <comment number="4" value=""/>
        <comment number="5" value=""/>
        <comment number="6" value=""/>
        <comment number="7" value=""/>
        <comment number="8" value=""/>
        <comment number="9" value=""/>
      </title_block>
    </sheet>
    <sheet number="3" name="/prop2/" tstamps="/ef155c5c-570d-4e4e-9b16-4315fceda01c/">
      <title_block>
        <title/>
        <company/>
        <rev/>
        <date/>
        <source>props.kicad_sch</source>
        <comment number="1" value=""/>
        <comment number="2" value=""/>
        <comment number="3" value=""/>
        <comment number="4" value=""/>
        <comment number="5" value=""/>
        <comment number="6" value=""/>
        <comment number="7" value=""/>
        <comment number="8" value=""/>
        <comment number="9" value=""/>
      </title_block>
    </sheet>
    <sheet number="4" name="/prop3/" tstamps="/5087e329-a41a-4e30-acce-c6b0883920d2/">
      <title_block>
        <title/>
        <company/>
        <rev/>
        <date/>
        <source>props.kicad_sch</source>
        <comment number="1" value=""/>
        <comment number="2" value=""/>
        <comment number="3" value=""/>
        <comment number="4" value=""/>
        <comment number="5" value=""/>
        <comment number="6" value=""/>
        <comment number="7" value=""/>
        <comment number="8" value=""/>
        <comment number="9" value=""/>
      </title_block>
    </sheet>
    <sheet number="5" name="/prop4/" tstamps="/7717a32e-59c4-4a05-af9f-f5dcde330a5f/">
      <title_block>
        <title/>
        <company/>
        <rev/>
        <date/>
        <source>props.kicad_sch</source>
        <comment number="1" value=""/>
        <comment number="2" value=""/>
        <comment number="3" value=""/>
        <comment number="4" value=""/>
        <comment number="5" value=""/>
        <comment number="6" value=""/>
        <comment number="7" value=""/>
        <comment number="8" value=""/>
        <comment number="9" value=""/>
      </title_block>
    </sheet>
    <sheet number="6" name="/pusher Sheet/" tstamps="/e3796139-ff8a-449c-9cc0-8ed1feb18c28/">
      <title_block>
        <title/>
        <company/>
        <rev/>
        <date/>
        <source>pusher.kicad_sch</source>
        <comment number="1" value=""/>
        <comment number="2" value=""/>
        <comment number="3" value=""/>
        <comment number="4" value=""/>
        <comment number="5" value=""/>
        <comment number="6" value=""/>
        <comment number="7" value=""/>
        <comment number="8" value=""/>
        <comment number="9" value=""/>
      </title_block>
    </sheet>
  </design>
  <components>
    <comp ref="A1">
      <value>Adafruit_Feather_Generic</value>
      <footprint>Module:Adafruit_Feather</footprint>
      <datasheet>https://cdn-learn.adafruit.com/downloads/pdf/adafruit-feather.pdf</datasheet>
      <libsource lib="MCU_Module" part="Adafruit_Feather_Generic" description="Microcontroller module in various flavor, generic symbol"/>
      <property name="Sheetname" value=""/>
      <property name="Sheetfile" value="Alia V0.kicad_sch"/>
      <sheetpath names="/" tstamps="/"/>
      <tstamps>cb994bcd-cb9d-407a-93f5-a686064f7cd0</tstamps>
    </comp>
    <comp ref="C1">
      <value>22pF</value>
      <footprint>Alia V0:0805-NO</footprint>
      <libsource lib="Alia V0-eagle-import" part="CAP_CERAMIC0805-NOOUTLINE" description=""/>
      <property name="Sheetname" value=""/>
      <property name="Sheetfile" value="Alia V0.kicad_sch"/>
      <sheetpath names="/" tstamps="/"/>
      <tstamps>72dc4a35-3b8e-46e0-b206-345272c20728</tstamps>
    </comp>
    <comp ref="C2">
      <value>22pF</value>
      <footprint>Alia V0:0805-NO</footprint>
      <libsource lib="Alia V0-eagle-import" part="CAP_CERAMIC0805-NOOUTLINE" description=""/>
      <property name="Sheetname" value=""/>
      <property name="Sheetfile" value="Alia V0.kicad_sch"/>
      <sheetpath names="/" tstamps="/"/>
      <tstamps>2e3867a0-b02c-4655-b1e8-6b344ba8af51</tstamps>
    </comp>
    <comp ref="C3">
      <value>0.1uF</value>
      <footprint>Alia V0:0805-NO</footprint>
      <libsource lib="Alia V0-eagle-import" part="CAP_CERAMIC0805-NOOUTLINE" description=""/>
      <property name="Sheetname" value=""/>
      <property name="Sheetfile" value="Alia V0.kicad_sch"/>
      <sheetpath names="/" tstamps="/"/>
      <tstamps>c6249aef-66d0-429e-a9ae-adafb9125813</tstamps>
    </comp>
    <comp ref="C4">
      <value>0.1uF</value>
      <footprint>Alia V0:0805_10MGAP</footprint>
      <libsource lib="Alia V0-eagle-import" part="CAP_CERAMIC0805_10MGAP" description=""/>
      <property name="Sheetname" value=""/>
      <property name="Sheetfile" value="Alia V0.kicad_sch"/>
      <sheetpath names="/" tstamps="/"/>
      <tstamps>98cc10f2-2c02-4ba2-847c-bae604473f59</tstamps>
    </comp>
    <comp ref="R1">
      <value>10K</value>
      <footprint>Alia V0:0805-NO</footprint>
      <libsource lib="Alia V0-eagle-import" part="RESISTOR0805_NOOUTLINE" description=""/>
      <property name="Sheetname" value=""/>
      <property name="Sheetfile" value="Alia V0.kicad_sch"/>
      <sheetpath names="/" tstamps="/"/>
      <tstamps>16920f7f-180b-49b3-84e6-0d099e810769</tstamps>
    </comp>
    <comp ref="R2">
      <value>10K</value>
      <footprint>Alia V0:0805-NO</footprint>
      <libsource lib="Alia V0-eagle-import" part="RESISTOR0805_NOOUTLINE" description=""/>
      <property name="Sheetname" value=""/>
      <property name="Sheetfile" value="Alia V0.kicad_sch"/>
      <sheetpath names="/" tstamps="/"/>
      <tstamps>1c1d41a7-b371-48c2-84b1-c178769c6534</tstamps>
    </comp>
    <comp ref="R3">
      <value>10K</value>
      <footprint>Alia V0:0805-NO</footprint>
      <libsource lib="Alia V0-eagle-import" part="RESISTOR0805_NOOUTLINE" description=""/>
      <property name="Sheetname" value=""/>
      <property name="Sheetfile" value="Alia V0.kicad_sch"/>
      <sheetpath names="/" tstamps="/"/>
      <tstamps>0d630d36-25c1-4b94-9e58-d137aa48260b</tstamps>
    </comp>
    <comp ref="R4">
      <value>10K</value>
      <footprint>Alia V0:0805-NO</footprint>
      <libsource lib="Alia V0-eagle-import" part="RESISTOR0805_NOOUTLINE" description=""/>
      <property name="Sheetname" value=""/>
      <property name="Sheetfile" value="Alia V0.kicad_sch"/>
      <sheetpath names="/" tstamps="/"/>
      <tstamps>74149ff2-9a1c-4288-b4e0-f460c78df7f1</tstamps>
    </comp>
    <comp ref="R5">
      <value>10K</value>
      <footprint>Alia V0:0805-NO</footprint>
      <libsource lib="Alia V0-eagle-import" part="RESISTOR0805_NOOUTLINE" description=""/>
      <property name="Sheetname" value=""/>
      <property name="Sheetfile" value="Alia V0.kicad_sch"/>
      <sheetpath names="/" tstamps="/"/>
      <tstamps>5757ccf4-db0b-4735-a094-e6c7b9782967</tstamps>
    </comp>
    <comp ref="U$2">
      <value>BNO055</value>
      <footprint>Alia V0:BNO055</footprint>
      <libsource lib="Alia V0-eagle-import" part="BNO055" description=""/>
      <property name="Sheetname" value=""/>
      <property name="Sheetfile" value="Alia V0.kicad_sch"/>
      <sheetpath names="/" tstamps="/"/>
      <tstamps>f09afc44-977a-4d9c-81bd-16dddbbac4ad</tstamps>
    </comp>
    <comp ref="Y1">
      <value>32.768kHz</value>
      <footprint>Alia V0:CRYSTAL_8X3.8</footprint>
      <libsource lib="Alia V0-eagle-import" part="CRYSTAL8.0X3.8" description=""/>
      <property name="Sheetname" value=""/>
      <property name="Sheetfile" value="Alia V0.kicad_sch"/>
      <sheetpath names="/" tstamps="/"/>
      <tstamps>bf45bb77-7952-4752-b8e9-00ff5417459b</tstamps>
    </comp>
    <comp ref="D1">
      <value>NeoPixel_THT</value>
      <datasheet>https://www.adafruit.com/product/1938</datasheet>
      <libsource lib="LED" part="NeoPixel_THT" description="RGB LED with integrated controller, 5mm/8mm LED package"/>
      <property name="Sheetname" value="prop1"/>
      <property name="Sheetfile" value="props.kicad_sch"/>
      <sheetpath names="/prop1/" tstamps="/043259af-676c-4ab2-9ca4-e2b00b6b26c6/"/>
      <tstamps>dbd0f913-eadb-4264-92c9-6b86a52e1e48</tstamps>
    </comp>
    <comp ref="D2">
      <value>NeoPixel_THT</value>
      <datasheet>https://www.adafruit.com/product/1938</datasheet>
      <libsource lib="LED" part="NeoPixel_THT" description="RGB LED with integrated controller, 5mm/8mm LED package"/>
      <property name="Sheetname" value="prop1"/>
      <property name="Sheetfile" value="props.kicad_sch"/>
      <sheetpath names="/prop1/" tstamps="/043259af-676c-4ab2-9ca4-e2b00b6b26c6/"/>
      <tstamps>10ffd404-4047-43b9-9539-98d24ed344b3</tstamps>
    </comp>
    <comp ref="D3">
      <value>NeoPixel_THT</value>
      <datasheet>https://www.adafruit.com/product/1938</datasheet>
      <libsource lib="LED" part="NeoPixel_THT" description="RGB LED with integrated controller, 5mm/8mm LED package"/>
      <property name="Sheetname" value="prop1"/>
      <property name="Sheetfile" value="props.kicad_sch"/>
      <sheetpath names="/prop1/" tstamps="/043259af-676c-4ab2-9ca4-e2b00b6b26c6/"/>
      <tstamps>d3446a9d-6ff9-413b-8d19-0fc0115ae630</tstamps>
    </comp>
    <comp ref="D4">
      <value>NeoPixel_THT</value>
      <datasheet>https://www.adafruit.com/product/1938</datasheet>
      <libsource lib="LED" part="NeoPixel_THT" description="RGB LED with integrated controller, 5mm/8mm LED package"/>
      <property name="Sheetname" value="prop1"/>
      <property name="Sheetfile" value="props.kicad_sch"/>
      <sheetpath names="/prop1/" tstamps="/043259af-676c-4ab2-9ca4-e2b00b6b26c6/"/>
      <tstamps>19f086df-8b23-4f52-a1e2-780ce1ad1d85</tstamps>
    </comp>
    <comp ref="D5">
      <value>NeoPixel_THT</value>
      <datasheet>https://www.adafruit.com/product/1938</datasheet>
      <libsource lib="LED" part="NeoPixel_THT" description="RGB LED with integrated controller, 5mm/8mm LED package"/>
      <property name="Sheetname" value="prop1"/>
      <property name="Sheetfile" value="props.kicad_sch"/>
      <sheetpath names="/prop1/" tstamps="/043259af-676c-4ab2-9ca4-e2b00b6b26c6/"/>
      <tstamps>4bae1809-929b-4539-8041-534de56c910c</tstamps>
    </comp>
    <comp ref="D6">
      <value>NeoPixel_THT</value>
      <datasheet>https://www.adafruit.com/product/1938</datasheet>
      <libsource lib="LED" part="NeoPixel_THT" description="RGB LED with integrated controller, 5mm/8mm LED package"/>
      <property name="Sheetname" value="prop1"/>
      <property name="Sheetfile" value="props.kicad_sch"/>
      <sheetpath names="/prop1/" tstamps="/043259af-676c-4ab2-9ca4-e2b00b6b26c6/"/>
      <tstamps>e2d9e226-f7cd-4ed8-b7e0-b2297429b6ff</tstamps>
    </comp>
    <comp ref="D7">
      <value>NeoPixel_THT</value>
      <datasheet>https://www.adafruit.com/product/1938</datasheet>
      <libsource lib="LED" part="NeoPixel_THT" description="RGB LED with integrated controller, 5mm/8mm LED package"/>
      <property name="Sheetname" value="prop1"/>
      <property name="Sheetfile" value="props.kicad_sch"/>
      <sheetpath names="/prop1/" tstamps="/043259af-676c-4ab2-9ca4-e2b00b6b26c6/"/>
      <tstamps>e9b58722-573f-438f-bf95-074feea7448e</tstamps>
    </comp>
    <comp ref="D8">
      <value>NeoPixel_THT</value>
      <datasheet>https://www.adafruit.com/product/1938</datasheet>
      <libsource lib="LED" part="NeoPixel_THT" description="RGB LED with integrated controller, 5mm/8mm LED package"/>
      <property name="Sheetname" value="prop1"/>
      <property name="Sheetfile" value="props.kicad_sch"/>
      <sheetpath names="/prop1/" tstamps="/043259af-676c-4ab2-9ca4-e2b00b6b26c6/"/>
      <tstamps>39f84017-53fa-4904-ba3b-28778ec27d70</tstamps>
    </comp>
    <comp ref="D9">
      <value>NeoPixel_THT</value>
      <datasheet>https://www.adafruit.com/product/1938</datasheet>
      <libsource lib="LED" part="NeoPixel_THT" description="RGB LED with integrated controller, 5mm/8mm LED package"/>
      <property name="Sheetname" value="prop2"/>
      <property name="Sheetfile" value="props.kicad_sch"/>
      <sheetpath names="/prop2/" tstamps="/ef155c5c-570d-4e4e-9b16-4315fceda01c/"/>
      <tstamps>dbd0f913-eadb-4264-92c9-6b86a52e1e48</tstamps>
    </comp>
    <comp ref="D10">
      <value>NeoPixel_THT</value>
      <datasheet>https://www.adafruit.com/product/1938</datasheet>
      <libsource lib="LED" part="NeoPixel_THT" description="RGB LED with integrated controller, 5mm/8mm LED package"/>
      <property name="Sheetname" value="prop2"/>
      <property name="Sheetfile" value="props.kicad_sch"/>
      <sheetpath names="/prop2/" tstamps="/ef155c5c-570d-4e4e-9b16-4315fceda01c/"/>
      <tstamps>10ffd404-4047-43b9-9539-98d24ed344b3</tstamps>
    </comp>
    <comp ref="D11">
      <value>NeoPixel_THT</value>
      <datasheet>https://www.adafruit.com/product/1938</datasheet>
      <libsource lib="LED" part="NeoPixel_THT" description="RGB LED with integrated controller, 5mm/8mm LED package"/>
      <property name="Sheetname" value="prop2"/>
      <property name="Sheetfile" value="props.kicad_sch"/>
      <sheetpath names="/prop2/" tstamps="/ef155c5c-570d-4e4e-9b16-4315fceda01c/"/>
      <tstamps>d3446a9d-6ff9-413b-8d19-0fc0115ae630</tstamps>
    </comp>
    <comp ref="D12">
      <value>NeoPixel_THT</value>
      <datasheet>https://www.adafruit.com/product/1938</datasheet>
      <libsource lib="LED" part="NeoPixel_THT" description="RGB LED with integrated controller, 5mm/8mm LED package"/>
      <property name="Sheetname" value="prop2"/>
      <property name="Sheetfile" value="props.kicad_sch"/>
      <sheetpath names="/prop2/" tstamps="/ef155c5c-570d-4e4e-9b16-4315fceda01c/"/>
      <tstamps>19f086df-8b23-4f52-a1e2-780ce1ad1d85</tstamps>
    </comp>
    <comp ref="D13">
      <value>NeoPixel_THT</value>
      <datasheet>https://www.adafruit.com/product/1938</datasheet>
      <libsource lib="LED" part="NeoPixel_THT" description="RGB LED with integrated controller, 5mm/8mm LED package"/>
      <property name="Sheetname" value="prop2"/>
      <property name="Sheetfile" value="props.kicad_sch"/>
      <sheetpath names="/prop2/" tstamps="/ef155c5c-570d-4e4e-9b16-4315fceda01c/"/>
      <tstamps>4bae1809-929b-4539-8041-534de56c910c</tstamps>
    </comp>
    <comp ref="D14">
      <value>NeoPixel_THT</value>
      <datasheet>https://www.adafruit.com/product/1938</datasheet>
      <libsource lib="LED" part="NeoPixel_THT" description="RGB LED with integrated controller, 5mm/8mm LED package"/>
      <property name="Sheetname" value="prop2"/>
      <property name="Sheetfile" value="props.kicad_sch"/>
      <sheetpath names="/prop2/" tstamps="/ef155c5c-570d-4e4e-9b16-4315fceda01c/"/>
      <tstamps>e2d9e226-f7cd-4ed8-b7e0-b2297429b6ff</tstamps>
    </comp>
    <comp ref="D15">
      <value>NeoPixel_THT</value>
      <datasheet>https://www.adafruit.com/product/1938</datasheet>
      <libsource lib="LED" part="NeoPixel_THT" description="RGB LED with integrated controller, 5mm/8mm LED package"/>
      <property name="Sheetname" value="prop2"/>
      <property name="Sheetfile" value="props.kicad_sch"/>
      <sheetpath names="/prop2/" tstamps="/ef155c5c-570d-4e4e-9b16-4315fceda01c/"/>
      <tstamps>e9b58722-573f-438f-bf95-074feea7448e</tstamps>
    </comp>
    <comp ref="D16">
      <value>NeoPixel_THT</value>
      <datasheet>https://www.adafruit.com/product/1938</datasheet>
      <libsource lib="LED" part="NeoPixel_THT" description="RGB LED with integrated controller, 5mm/8mm LED package"/>
      <property name="Sheetname" value="prop2"/>
      <property name="Sheetfile" value="props.kicad_sch"/>
      <sheetpath names="/prop2/" tstamps="/ef155c5c-570d-4e4e-9b16-4315fceda01c/"/>
      <tstamps>39f84017-53fa-4904-ba3b-28778ec27d70</tstamps>
    </comp>
    <comp ref="D17">
      <value>NeoPixel_THT</value>
      <datasheet>https://www.adafruit.com/product/1938</datasheet>
      <libsource lib="LED" part="NeoPixel_THT" description="RGB LED with integrated controller, 5mm/8mm LED package"/>
      <property name="Sheetname" value="prop3"/>
      <property name="Sheetfile" value="props.kicad_sch"/>
      <sheetpath names="/prop3/" tstamps="/5087e329-a41a-4e30-acce-c6b0883920d2/"/>
      <tstamps>dbd0f913-eadb-4264-92c9-6b86a52e1e48</tstamps>
    </comp>
    <comp ref="D18">
      <value>NeoPixel_THT</value>
      <datasheet>https://www.adafruit.com/product/1938</datasheet>
      <libsource lib="LED" part="NeoPixel_THT" description="RGB LED with integrated controller, 5mm/8mm LED package"/>
      <property name="Sheetname" value="prop3"/>
      <property name="Sheetfile" value="props.kicad_sch"/>
      <sheetpath names="/prop3/" tstamps="/5087e329-a41a-4e30-acce-c6b0883920d2/"/>
      <tstamps>10ffd404-4047-43b9-9539-98d24ed344b3</tstamps>
    </comp>
    <comp ref="D19">
      <value>NeoPixel_THT</value>
      <datasheet>https://www.adafruit.com/product/1938</datasheet>
      <libsource lib="LED" part="NeoPixel_THT" description="RGB LED with integrated controller, 5mm/8mm LED package"/>
      <property name="Sheetname" value="prop3"/>
      <property name="Sheetfile" value="props.kicad_sch"/>
      <sheetpath names="/prop3/" tstamps="/5087e329-a41a-4e30-acce-c6b0883920d2/"/>
      <tstamps>d3446a9d-6ff9-413b-8d19-0fc0115ae630</tstamps>
    </comp>
    <comp ref="D20">
      <value>NeoPixel_THT</value>
      <datasheet>https://www.adafruit.com/product/1938</datasheet>
      <libsource lib="LED" part="NeoPixel_THT" description="RGB LED with integrated controller, 5mm/8mm LED package"/>
      <property name="Sheetname" value="prop3"/>
      <property name="Sheetfile" value="props.kicad_sch"/>
      <sheetpath names="/prop3/" tstamps="/5087e329-a41a-4e30-acce-c6b0883920d2/"/>
      <tstamps>19f086df-8b23-4f52-a1e2-780ce1ad1d85</tstamps>
    </comp>
    <comp ref="D21">
      <value>NeoPixel_THT</value>
      <datasheet>https://www.adafruit.com/product/1938</datasheet>
      <libsource lib="LED" part="NeoPixel_THT" description="RGB LED with integrated controller, 5mm/8mm LED package"/>
      <property name="Sheetname" value="prop3"/>
      <property name="Sheetfile" value="props.kicad_sch"/>
      <sheetpath names="/prop3/" tstamps="/5087e329-a41a-4e30-acce-c6b0883920d2/"/>
      <tstamps>4bae1809-929b-4539-8041-534de56c910c</tstamps>
    </comp>
    <comp ref="D22">
      <value>NeoPixel_THT</value>
      <datasheet>https://www.adafruit.com/product/1938</datasheet>
      <libsource lib="LED" part="NeoPixel_THT" description="RGB LED with integrated controller, 5mm/8mm LED package"/>
      <property name="Sheetname" value="prop3"/>
      <property name="Sheetfile" value="props.kicad_sch"/>
      <sheetpath names="/prop3/" tstamps="/5087e329-a41a-4e30-acce-c6b0883920d2/"/>
      <tstamps>e2d9e226-f7cd-4ed8-b7e0-b2297429b6ff</tstamps>
    </comp>
    <comp ref="D23">
      <value>NeoPixel_THT</value>
      <datasheet>https://www.adafruit.com/product/1938</datasheet>
      <libsource lib="LED" part="NeoPixel_THT" description="RGB LED with integrated controller, 5mm/8mm LED package"/>
      <property name="Sheetname" value="prop3"/>
      <property name="Sheetfile" value="props.kicad_sch"/>
      <sheetpath names="/prop3/" tstamps="/5087e329-a41a-4e30-acce-c6b0883920d2/"/>
      <tstamps>e9b58722-573f-438f-bf95-074feea7448e</tstamps>
    </comp>
    <comp ref="D24">
      <value>NeoPixel_THT</value>
      <datasheet>https://www.adafruit.com/product/1938</datasheet>
      <libsource lib="LED" part="NeoPixel_THT" description="RGB LED with integrated controller, 5mm/8mm LED package"/>
      <property name="Sheetname" value="prop3"/>
      <property name="Sheetfile" value="props.kicad_sch"/>
      <sheetpath names="/prop3/" tstamps="/5087e329-a41a-4e30-acce-c6b0883920d2/"/>
      <tstamps>39f84017-53fa-4904-ba3b-28778ec27d70</tstamps>
    </comp>
    <comp ref="D25">
      <value>NeoPixel_THT</value>
      <datasheet>https://www.adafruit.com/product/1938</datasheet>
      <libsource lib="LED" part="NeoPixel_THT" description="RGB LED with integrated controller, 5mm/8mm LED package"/>
      <property name="Sheetname" value="prop4"/>
      <property name="Sheetfile" value="props.kicad_sch"/>
      <sheetpath names="/prop4/" tstamps="/7717a32e-59c4-4a05-af9f-f5dcde330a5f/"/>
      <tstamps>dbd0f913-eadb-4264-92c9-6b86a52e1e48</tstamps>
    </comp>
    <comp ref="D26">
      <value>NeoPixel_THT</value>
      <datasheet>https://www.adafruit.com/product/1938</datasheet>
      <libsource lib="LED" part="NeoPixel_THT" description="RGB LED with integrated controller, 5mm/8mm LED package"/>
      <property name="Sheetname" value="prop4"/>
      <property name="Sheetfile" value="props.kicad_sch"/>
      <sheetpath names="/prop4/" tstamps="/7717a32e-59c4-4a05-af9f-f5dcde330a5f/"/>
      <tstamps>10ffd404-4047-43b9-9539-98d24ed344b3</tstamps>
    </comp>
    <comp ref="D27">
      <value>NeoPixel_THT</value>
      <datasheet>https://www.adafruit.com/product/1938</datasheet>
      <libsource lib="LED" part="NeoPixel_THT" description="RGB LED with integrated controller, 5mm/8mm LED package"/>
      <property name="Sheetname" value="prop4"/>
      <property name="Sheetfile" value="props.kicad_sch"/>
      <sheetpath names="/prop4/" tstamps="/7717a32e-59c4-4a05-af9f-f5dcde330a5f/"/>
      <tstamps>d3446a9d-6ff9-413b-8d19-0fc0115ae630</tstamps>
    </comp>
    <comp ref="D28">
      <value>NeoPixel_THT</value>
      <datasheet>https://www.adafruit.com/product/1938</datasheet>
      <libsource lib="LED" part="NeoPixel_THT" description="RGB LED with integrated controller, 5mm/8mm LED package"/>
      <property name="Sheetname" value="prop4"/>
      <property name="Sheetfile" value="props.kicad_sch"/>
      <sheetpath names="/prop4/" tstamps="/7717a32e-59c4-4a05-af9f-f5dcde330a5f/"/>
      <tstamps>19f086df-8b23-4f52-a1e2-780ce1ad1d85</tstamps>
    </comp>
    <comp ref="D29">
      <value>NeoPixel_THT</value>
      <datasheet>https://www.adafruit.com/product/1938</datasheet>
      <libsource lib="LED" part="NeoPixel_THT" description="RGB LED with integrated controller, 5mm/8mm LED package"/>
      <property name="Sheetname" value="prop4"/>
      <property name="Sheetfile" value="props.kicad_sch"/>
      <sheetpath names="/prop4/" tstamps="/7717a32e-59c4-4a05-af9f-f5dcde330a5f/"/>
      <tstamps>4bae1809-929b-4539-8041-534de56c910c</tstamps>
    </comp>
    <comp ref="D30">
      <value>NeoPixel_THT</value>
      <datasheet>https://www.adafruit.com/product/1938</datasheet>
      <libsource lib="LED" part="NeoPixel_THT" description="RGB LED with integrated controller, 5mm/8mm LED package"/>
      <property name="Sheetname" value="prop4"/>
      <property name="Sheetfile" value="props.kicad_sch"/>
      <sheetpath names="/prop4/" tstamps="/7717a32e-59c4-4a05-af9f-f5dcde330a5f/"/>
      <tstamps>e2d9e226-f7cd-4ed8-b7e0-b2297429b6ff</tstamps>
    </comp>
    <comp ref="D31">
      <value>NeoPixel_THT</value>
      <datasheet>https://www.adafruit.com/product/1938</datasheet>
      <libsource lib="LED" part="NeoPixel_THT" description="RGB LED with integrated controller, 5mm/8mm LED package"/>
      <property name="Sheetname" value="prop4"/>
      <property name="Sheetfile" value="props.kicad_sch"/>
      <sheetpath names="/prop4/" tstamps="/7717a32e-59c4-4a05-af9f-f5dcde330a5f/"/>
      <tstamps>e9b58722-573f-438f-bf95-074feea7448e</tstamps>
    </comp>
    <comp ref="D32">
      <value>NeoPixel_THT</value>
      <datasheet>https://www.adafruit.com/product/1938</datasheet>
      <libsource lib="LED" part="NeoPixel_THT" description="RGB LED with integrated controller, 5mm/8mm LED package"/>
      <property name="Sheetname" value="prop4"/>
      <property name="Sheetfile" value="props.kicad_sch"/>
      <sheetpath names="/prop4/" tstamps="/7717a32e-59c4-4a05-af9f-f5dcde330a5f/"/>
      <tstamps>39f84017-53fa-4904-ba3b-28778ec27d70</tstamps>
    </comp>
    <comp ref="D33">
      <value>NeoPixel_THT</value>
      <datasheet>https://www.adafruit.com/product/1938</datasheet>
      <libsource lib="LED" part="NeoPixel_THT" description="RGB LED with integrated controller, 5mm/8mm LED package"/>
      <property name="Sheetname" value="pusher Sheet"/>
      <property name="Sheetfile" value="pusher.kicad_sch"/>
      <sheetpath names="/pusher Sheet/" tstamps="/e3796139-ff8a-449c-9cc0-8ed1feb18c28/"/>
      <tstamps>3410686c-f700-4365-a764-40dcc6ba2e1f</tstamps>
    </comp>
    <comp ref="D34">
      <value>NeoPixel_THT</value>
      <datasheet>https://www.adafruit.com/product/1938</datasheet>
      <libsource lib="LED" part="NeoPixel_THT" description="RGB LED with integrated controller, 5mm/8mm LED package"/>
      <property name="Sheetname" value="pusher Sheet"/>
      <property name="Sheetfile" value="pusher.kicad_sch"/>
      <sheetpath names="/pusher Sheet/" tstamps="/e3796139-ff8a-449c-9cc0-8ed1feb18c28/"/>
      <tstamps>c140c2a1-ee95-4342-b64c-27bfbb67b9a4</tstamps>
    </comp>
    <comp ref="D35">
      <value>NeoPixel_THT</value>
      <datasheet>https://www.adafruit.com/product/1938</datasheet>
      <libsource lib="LED" part="NeoPixel_THT" description="RGB LED with integrated controller, 5mm/8mm LED package"/>
      <property name="Sheetname" value="pusher Sheet"/>
      <property name="Sheetfile" value="pusher.kicad_sch"/>
      <sheetpath names="/pusher Sheet/" tstamps="/e3796139-ff8a-449c-9cc0-8ed1feb18c28/"/>
      <tstamps>21d8ed26-0b76-41cc-a95d-af0c982c5a2b</tstamps>
    </comp>
    <comp ref="D36">
      <value>NeoPixel_THT</value>
      <datasheet>https://www.adafruit.com/product/1938</datasheet>
      <libsource lib="LED" part="NeoPixel_THT" description="RGB LED with integrated controller, 5mm/8mm LED package"/>
      <property name="Sheetname" value="pusher Sheet"/>
      <property name="Sheetfile" value="pusher.kicad_sch"/>
      <sheetpath names="/pusher Sheet/" tstamps="/e3796139-ff8a-449c-9cc0-8ed1feb18c28/"/>
      <tstamps>f14449c8-395c-473d-84d1-0fe61b33e2a8</tstamps>
    </comp>
  </components>
  <libparts>
    <libpart lib="Alia V0-eagle-import" part="BNO055">
      <fields>
        <field name="Value">BNO055</field>
        <field name="Footprint">Alia V0:BNO055</field>
      </fields>
      <pins>
        <pin num="2" name="GND@1" type="power_in"/>
        <pin num="3" name="VDD" type="power_in"/>
        <pin num="4" name="NBOOT_LOAD_PIN" type="bidirectional"/>
        <pin num="5" name="PS1" type="input"/>
        <pin num="6" name="PS0" type="input"/>
        <pin num="7" name="PIN7(SWDIO)" type="bidirectional"/>
        <pin num="8" name="PIN8(SWCLK)" type="bidirectional"/>
        <pin num="9" name="CAP" type="passive"/>
        <pin num="10" name="PIN10(GND)" type="bidirectional"/>
        <pin num="11" name="NRESET" type="bidirectional"/>
        <pin num="14" name="INT" type="output"/>
        <pin num="15" name="PIN15(GND)" type="bidirectional"/>
        <pin num="16" name="PIN16(GND)" type="bidirectional"/>
        <pin num="17" name="COM3/I2C_ADDR" type="bidirectional"/>
        <pin num="18" name="COM2(GND)" type="bidirectional"/>
        <pin num="19" name="COM1/SCL/RX" type="bidirectional"/>
        <pin num="20" name="COM0/SDA/TX" type="bidirectional"/>
        <pin num="25" name="GND@2" type="power_in"/>
        <pin num="26" name="XOUT32" type="output"/>
        <pin num="27" name="XIN32" type="input"/>
        <pin num="28" name="VDDIO" type="power_in"/>
      </pins>
    </libpart>
    <libpart lib="Alia V0-eagle-import" part="CAP_CERAMIC0805-NOOUTLINE">
      <fields>
        <field name="Reference">C</field>
        <field name="Value">CAP_CERAMIC0805-NOOUTLINE</field>
        <field name="Footprint">Alia V0:0805-NO</field>
      </fields>
      <pins>
        <pin num="1" name="1" type="passive"/>
        <pin num="2" name="2" type="passive"/>
      </pins>
    </libpart>
    <libpart lib="Alia V0-eagle-import" part="CAP_CERAMIC0805_10MGAP">
      <fields>
        <field name="Reference">C</field>
        <field name="Value">CAP_CERAMIC0805_10MGAP</field>
        <field name="Footprint">Alia V0:0805_10MGAP</field>
      </fields>
      <pins>
        <pin num="1" name="1" type="passive"/>
        <pin num="2" name="2" type="passive"/>
      </pins>
    </libpart>
    <libpart lib="Alia V0-eagle-import" part="CRYSTAL8.0X3.8">
      <fields>
        <field name="Reference">Y</field>
        <field name="Value">CRYSTAL8.0X3.8</field>
        <field name="Footprint">Alia V0:CRYSTAL_8X3.8</field>
      </fields>
      <pins>
        <pin num="P$1" name="1" type="passive"/>
        <pin num="P$4" name="2" type="passive"/>
      </pins>
    </libpart>
    <libpart lib="Alia V0-eagle-import" part="RESISTOR0805_NOOUTLINE">
      <fields>
        <field name="Reference">R</field>
        <field name="Value">RESISTOR0805_NOOUTLINE</field>
        <field name="Footprint">Alia V0:0805-NO</field>
      </fields>
      <pins>
        <pin num="1" name="1" type="passive"/>
        <pin num="2" name="2" type="passive"/>
      </pins>
    </libpart>
    <libpart lib="LED" part="NeoPixel_THT">
      <description>RGB LED with integrated controller, 5mm/8mm LED package</description>
      <docs>https://www.adafruit.com/product/1938</docs>
      <footprints>
        <fp>LED*D5.0mm*</fp>
        <fp>LED*D8.0mm*</fp>
      </footprints>
      <fields>
        <field name="Reference">D</field>
        <field name="Value">NeoPixel_THT</field>
        <field name="Datasheet">https://www.adafruit.com/product/1938</field>
      </fields>
      <pins>
        <pin num="1" name="DOUT" type="output"/>
        <pin num="2" name="GND" type="power_in"/>
        <pin num="3" name="VDD" type="power_in"/>
        <pin num="4" name="DIN" type="input"/>
      </pins>
    </libpart>
    <libpart lib="MCU_Module" part="Adafruit_Feather_Generic">
      <description>Microcontroller module in various flavor, generic symbol</description>
      <docs>https://cdn-learn.adafruit.com/downloads/pdf/adafruit-feather.pdf</docs>
      <footprints>
        <fp>Adafruit*Feather*</fp>
      </footprints>
      <fields>
        <field name="Reference">A</field>
        <field name="Value">Adafruit_Feather_Generic</field>
        <field name="Footprint">Module:Adafruit_Feather</field>
        <field name="Datasheet">https://cdn-learn.adafruit.com/downloads/pdf/adafruit-feather.pdf</field>
      </fields>
      <pins>
        <pin num="1" name="~{RESET}" type="input"/>
        <pin num="2" name="3V3" type="power_in"/>
        <pin num="3" name="AREF" type="input"/>
        <pin num="4" name="GND" type="power_in"/>
        <pin num="5" name="A0" type="bidirectional"/>
        <pin num="6" name="A1" type="bidirectional"/>
        <pin num="7" name="A2" type="bidirectional"/>
        <pin num="8" name="A3" type="bidirectional"/>
        <pin num="9" name="A4" type="bidirectional"/>
        <pin num="10" name="A5" type="bidirectional"/>
        <pin num="11" name="SCK" type="bidirectional"/>
        <pin num="12" name="MOSI" type="bidirectional"/>
        <pin num="13" name="MISO" type="bidirectional"/>
        <pin num="14" name="RX" type="bidirectional"/>
        <pin num="15" name="TX" type="bidirectional"/>
        <pin num="16" name="SPARE" type="bidirectional"/>
        <pin num="17" name="SDA" type="bidirectional"/>
        <pin num="18" name="SCL" type="bidirectional"/>
        <pin num="19" name="D0" type="bidirectional"/>
        <pin num="20" name="D1" type="bidirectional"/>
        <pin num="21" name="D2" type="bidirectional"/>
        <pin num="22" name="D3" type="bidirectional"/>
        <pin num="23" name="D4" type="bidirectional"/>
        <pin num="24" name="D5" type="bidirectional"/>
        <pin num="25" name="D6" type="bidirectional"/>
        <pin num="26" name="USB" type="power_in"/>
        <pin num="27" name="EN" type="input"/>
        <pin num="28" name="VBAT" type="power_in"/>
      </pins>
    </libpart>
  </libparts>
  <libraries>
    <library logical="Alia V0-eagle-import">
      <uri>/Users/jcohn/OnBoard/Alia V0/Alia V0-eagle-import.kicad_sym</uri>
    </library>
    <library logical="LED">
      <uri>/Applications/KiCad/KiCad.app/Contents/SharedSupport/symbols//LED.kicad_sym</uri>
    </library>
    <library logical="MCU_Module">
      <uri>/Applications/KiCad/KiCad.app/Contents/SharedSupport/symbols//MCU_Module.kicad_sym</uri>
    </library>
  </libraries>
  <nets>
    <net code="1" name="+3.3V">
      <node ref="D10" pin="3" pinfunction="VDD" pintype="power_in"/>
      <node ref="D11" pin="3" pinfunction="VDD" pintype="power_in"/>
      <node ref="D12" pin="3" pinfunction="VDD" pintype="power_in"/>
      <node ref="D13" pin="3" pinfunction="VDD" pintype="power_in"/>
      <node ref="D14" pin="3" pinfunction="VDD" pintype="power_in"/>
      <node ref="D15" pin="3" pinfunction="VDD" pintype="power_in"/>
      <node ref="D16" pin="3" pinfunction="VDD" pintype="power_in"/>
      <node ref="D18" pin="3" pinfunction="VDD" pintype="power_in"/>
      <node ref="D19" pin="3" pinfunction="VDD" pintype="power_in"/>
      <node ref="D2" pin="3" pinfunction="VDD" pintype="power_in"/>
      <node ref="D20" pin="3" pinfunction="VDD" pintype="power_in"/>
      <node ref="D21" pin="3" pinfunction="VDD" pintype="power_in"/>
      <node ref="D22" pin="3" pinfunction="VDD" pintype="power_in"/>
      <node ref="D23" pin="3" pinfunction="VDD" pintype="power_in"/>
      <node ref="D24" pin="3" pinfunction="VDD" pintype="power_in"/>
      <node ref="D26" pin="3" pinfunction="VDD" pintype="power_in"/>
      <node ref="D27" pin="3" pinfunction="VDD" pintype="power_in"/>
      <node ref="D28" pin="3" pinfunction="VDD" pintype="power_in"/>
      <node ref="D29" pin="3" pinfunction="VDD" pintype="power_in"/>
      <node ref="D3" pin="3" pinfunction="VDD" pintype="power_in"/>
      <node ref="D30" pin="3" pinfunction="VDD" pintype="power_in"/>
      <node ref="D31" pin="3" pinfunction="VDD" pintype="power_in"/>
      <node ref="D32" pin="3" pinfunction="VDD" pintype="power_in"/>
      <node ref="D34" pin="3" pinfunction="VDD" pintype="power_in"/>
      <node ref="D35" pin="3" pinfunction="VDD" pintype="power_in"/>
      <node ref="D36" pin="3" pinfunction="VDD" pintype="power_in"/>
      <node ref="D4" pin="3" pinfunction="VDD" pintype="power_in"/>
      <node ref="D5" pin="3" pinfunction="VDD" pintype="power_in"/>
      <node ref="D6" pin="3" pinfunction="VDD" pintype="power_in"/>
      <node ref="D7" pin="3" pinfunction="VDD" pintype="power_in"/>
      <node ref="D8" pin="3" pinfunction="VDD" pintype="power_in"/>
    </net>
    <net code="2" name="/I2CADDR_3V">
      <node ref="R5" pin="1" pinfunction="1" pintype="passive"/>
      <node ref="U$2" pin="17" pinfunction="COM3/I2C_ADDR" pintype="bidirectional"/>
    </net>
    <net code="3" name="/INT_3V">
      <node ref="U$2" pin="14" pinfunction="INT" pintype="output"/>
    </net>
    <net code="4" name="/NRESET_3V">
      <node ref="U$2" pin="11" pinfunction="NRESET" pintype="bidirectional"/>
    </net>
    <net code="5" name="/PS0_3V">
      <node ref="R3" pin="1" pinfunction="1" pintype="passive"/>
      <node ref="U$2" pin="6" pinfunction="PS0" pintype="input"/>
    </net>
    <net code="6" name="/PS1_3V">
      <node ref="R4" pin="1" pinfunction="1" pintype="passive"/>
      <node ref="U$2" pin="5" pinfunction="PS1" pintype="input"/>
    </net>
    <net code="7" name="/SCL_3V">
      <node ref="R2" pin="1" pinfunction="1" pintype="passive"/>
      <node ref="U$2" pin="19" pinfunction="COM1/SCL/RX" pintype="bidirectional"/>
    </net>
    <net code="8" name="/SDA_3V">
      <node ref="R1" pin="1" pinfunction="1" pintype="passive"/>
      <node ref="U$2" pin="20" pinfunction="COM0/SDA/TX" pintype="bidirectional"/>
    </net>
    <net code="9" name="/prop1/in">
      <node ref="A1" pin="19" pinfunction="D0" pintype="bidirectional"/>
      <node ref="D1" pin="4" pinfunction="DIN" pintype="input"/>
    </net>
    <net code="10" name="/prop1/out">
      <node ref="D8" pin="1" pinfunction="DOUT" pintype="output"/>
      <node ref="D9" pin="4" pinfunction="DIN" pintype="input"/>
    </net>
    <net code="11" name="/prop2/out">
      <node ref="D16" pin="1" pinfunction="DOUT" pintype="output"/>
      <node ref="D17" pin="4" pinfunction="DIN" pintype="input"/>
    </net>
    <net code="12" name="/prop3/out">
      <node ref="D24" pin="1" pinfunction="DOUT" pintype="output"/>
      <node ref="D25" pin="4" pinfunction="DIN" pintype="input"/>
    </net>
    <net code="13" name="/prop4/out">
      <node ref="D32" pin="1" pinfunction="DOUT" pintype="output"/>
      <node ref="D33" pin="4" pinfunction="DIN" pintype="input"/>
    </net>
    <net code="14" name="/pusher Sheet/out">
      <node ref="D36" pin="1" pinfunction="DOUT" pintype="output"/>
    </net>
    <net code="15" name="3.3V">
      <node ref="C4" pin="2" pinfunction="2" pintype="passive"/>
      <node ref="R1" pin="2" pinfunction="2" pintype="passive"/>
      <node ref="R2" pin="2" pinfunction="2" pintype="passive"/>
      <node ref="U$2" pin="28" pinfunction="VDDIO" pintype="power_in"/>
      <node ref="U$2" pin="3" pinfunction="VDD" pintype="power_in"/>
      <node ref="U$2" pin="4" pinfunction="NBOOT_LOAD_PIN" pintype="bidirectional"/>
    </net>
    <net code="16" name="GND">
      <node ref="C1" pin="1" pinfunction="1" pintype="passive"/>
      <node ref="C2" pin="1" pinfunction="1" pintype="passive"/>
      <node ref="C3" pin="1" pinfunction="1" pintype="passive"/>
      <node ref="C4" pin="1" pinfunction="1" pintype="passive"/>
      <node ref="D1" pin="2" pinfunction="GND" pintype="power_in"/>
      <node ref="D10" pin="2" pinfunction="GND" pintype="power_in"/>
      <node ref="D11" pin="2" pinfunction="GND" pintype="power_in"/>
      <node ref="D12" pin="2" pinfunction="GND" pintype="power_in"/>
      <node ref="D13" pin="2" pinfunction="GND" pintype="power_in"/>
      <node ref="D14" pin="2" pinfunction="GND" pintype="power_in"/>
      <node ref="D15" pin="2" pinfunction="GND" pintype="power_in"/>
      <node ref="D16" pin="2" pinfunction="GND" pintype="power_in"/>
      <node ref="D17" pin="2" pinfunction="GND" pintype="power_in"/>
      <node ref="D18" pin="2" pinfunction="GND" pintype="power_in"/>
      <node ref="D19" pin="2" pinfunction="GND" pintype="power_in"/>
      <node ref="D2" pin="2" pinfunction="GND" pintype="power_in"/>
      <node ref="D20" pin="2" pinfunction="GND" pintype="power_in"/>
      <node ref="D21" pin="2" pinfunction="GND" pintype="power_in"/>
      <node ref="D22" pin="2" pinfunction="GND" pintype="power_in"/>
      <node ref="D23" pin="2" pinfunction="GND" pintype="power_in"/>
      <node ref="D24" pin="2" pinfunction="GND" pintype="power_in"/>
      <node ref="D25" pin="2" pinfunction="GND" pintype="power_in"/>
      <node ref="D26" pin="2" pinfunction="GND" pintype="power_in"/>
      <node ref="D27" pin="2" pinfunction="GND" pintype="power_in"/>
      <node ref="D28" pin="2" pinfunction="GND" pintype="power_in"/>
      <node ref="D29" pin="2" pinfunction="GND" pintype="power_in"/>
      <node ref="D3" pin="2" pinfunction="GND" pintype="power_in"/>
      <node ref="D30" pin="2" pinfunction="GND" pintype="power_in"/>
      <node ref="D31" pin="2" pinfunction="GND" pintype="power_in"/>
      <node ref="D32" pin="2" pinfunction="GND" pintype="power_in"/>
      <node ref="D33" pin="2" pinfunction="GND" pintype="power_in"/>
      <node ref="D34" pin="2" pinfunction="GND" pintype="power_in"/>
      <node ref="D35" pin="2" pinfunction="GND" pintype="power_in"/>
      <node ref="D36" pin="2" pinfunction="GND" pintype="power_in"/>
      <node ref="D4" pin="2" pinfunction="GND" pintype="power_in"/>
      <node ref="D5" pin="2" pinfunction="GND" pintype="power_in"/>
      <node ref="D6" pin="2" pinfunction="GND" pintype="power_in"/>
      <node ref="D7" pin="2" pinfunction="GND" pintype="power_in"/>
      <node ref="D8" pin="2" pinfunction="GND" pintype="power_in"/>
      <node ref="D9" pin="2" pinfunction="GND" pintype="power_in"/>
      <node ref="R3" pin="2" pinfunction="2" pintype="passive"/>
      <node ref="R4" pin="2" pinfunction="2" pintype="passive"/>
      <node ref="R5" pin="2" pinfunction="2" pintype="passive"/>
      <node ref="U$2" pin="10" pinfunction="PIN10(GND)" pintype="bidirectional"/>
      <node ref="U$2" pin="15" pinfunction="PIN15(GND)" pintype="bidirectional"/>
      <node ref="U$2" pin="16" pinfunction="PIN16(GND)" pintype="bidirectional"/>
      <node ref="U$2" pin="18" pinfunction="COM2(GND)" pintype="bidirectional"/>
      <node ref="U$2" pin="2" pinfunction="GND@1" pintype="power_in"/>
      <node ref="U$2" pin="25" pinfunction="GND@2" pintype="power_in"/>
    </net>
    <net code="17" name="Net-(C1-Pad2)">
      <node ref="C1" pin="2" pinfunction="2" pintype="passive"/>
      <node ref="U$2" pin="27" pinfunction="XIN32" pintype="input"/>
      <node ref="Y1" pin="P$4" pinfunction="2" pintype="passive"/>
    </net>
    <net code="18" name="Net-(C2-Pad2)">
      <node ref="C2" pin="2" pinfunction="2" pintype="passive"/>
      <node ref="U$2" pin="26" pinfunction="XOUT32" pintype="output"/>
      <node ref="Y1" pin="P$1" pinfunction="1" pintype="passive"/>
    </net>
    <net code="19" name="Net-(C3-Pad2)">
      <node ref="C3" pin="2" pinfunction="2" pintype="passive"/>
      <node ref="U$2" pin="9" pinfunction="CAP" pintype="passive"/>
    </net>
    <net code="20" name="Net-(D1-Pad1)">
      <node ref="D1" pin="1" pinfunction="DOUT" pintype="output"/>
      <node ref="D2" pin="4" pinfunction="DIN" pintype="input"/>
    </net>
    <net code="21" name="Net-(D2-Pad1)">
      <node ref="D2" pin="1" pinfunction="DOUT" pintype="output"/>
      <node ref="D3" pin="4" pinfunction="DIN" pintype="input"/>
    </net>
    <net code="22" name="Net-(D3-Pad1)">
      <node ref="D3" pin="1" pinfunction="DOUT" pintype="output"/>
      <node ref="D4" pin="4" pinfunction="DIN" pintype="input"/>
    </net>
    <net code="23" name="Net-(D4-Pad1)">
      <node ref="D4" pin="1" pinfunction="DOUT" pintype="output"/>
      <node ref="D5" pin="4" pinfunction="DIN" pintype="input"/>
    </net>
    <net code="24" name="Net-(D5-Pad1)">
      <node ref="D5" pin="1" pinfunction="DOUT" pintype="output"/>
      <node ref="D6" pin="4" pinfunction="DIN" pintype="input"/>
    </net>
    <net code="25" name="Net-(D7-Pad1)">
      <node ref="D7" pin="1" pinfunction="DOUT" pintype="output"/>
      <node ref="D8" pin="4" pinfunction="DIN" pintype="input"/>
    </net>
    <net code="26" name="Net-(D10-Pad1)">
      <node ref="D10" pin="1" pinfunction="DOUT" pintype="output"/>
      <node ref="D11" pin="4" pinfunction="DIN" pintype="input"/>
    </net>
    <net code="27" name="Net-(D10-Pad4)">
      <node ref="D10" pin="4" pinfunction="DIN" pintype="input"/>
      <node ref="D9" pin="1" pinfunction="DOUT" pintype="output"/>
    </net>
    <net code="28" name="Net-(D11-Pad1)">
      <node ref="D11" pin="1" pinfunction="DOUT" pintype="output"/>
      <node ref="D12" pin="4" pinfunction="DIN" pintype="input"/>
    </net>
    <net code="29" name="Net-(D12-Pad1)">
      <node ref="D12" pin="1" pinfunction="DOUT" pintype="output"/>
      <node ref="D13" pin="4" pinfunction="DIN" pintype="input"/>
    </net>
    <net code="30" name="Net-(D13-Pad1)">
      <node ref="D13" pin="1" pinfunction="DOUT" pintype="output"/>
      <node ref="D14" pin="4" pinfunction="DIN" pintype="input"/>
    </net>
    <net code="31" name="Net-(D15-Pad1)">
      <node ref="D15" pin="1" pinfunction="DOUT" pintype="output"/>
      <node ref="D16" pin="4" pinfunction="DIN" pintype="input"/>
    </net>
    <net code="32" name="Net-(D17-Pad1)">
      <node ref="D17" pin="1" pinfunction="DOUT" pintype="output"/>
      <node ref="D18" pin="4" pinfunction="DIN" pintype="input"/>
    </net>
    <net code="33" name="Net-(D18-Pad1)">
      <node ref="D18" pin="1" pinfunction="DOUT" pintype="output"/>
      <node ref="D19" pin="4" pinfunction="DIN" pintype="input"/>
    </net>
    <net code="34" name="Net-(D19-Pad1)">
      <node ref="D19" pin="1" pinfunction="DOUT" pintype="output"/>
      <node ref="D20" pin="4" pinfunction="DIN" pintype="input"/>
    </net>
    <net code="35" name="Net-(D20-Pad1)">
      <node ref="D20" pin="1" pinfunction="DOUT" pintype="output"/>
      <node ref="D21" pin="4" pinfunction="DIN" pintype="input"/>
    </net>
    <net code="36" name="Net-(D21-Pad1)">
      <node ref="D21" pin="1" pinfunction="DOUT" pintype="output"/>
      <node ref="D22" pin="4" pinfunction="DIN" pintype="input"/>
    </net>
    <net code="37" name="Net-(D23-Pad1)">
      <node ref="D23" pin="1" pinfunction="DOUT" pintype="output"/>
      <node ref="D24" pin="4" pinfunction="DIN" pintype="input"/>
    </net>
    <net code="38" name="Net-(D25-Pad1)">
      <node ref="D25" pin="1" pinfunction="DOUT" pintype="output"/>
      <node ref="D26" pin="4" pinfunction="DIN" pintype="input"/>
    </net>
    <net code="39" name="Net-(D26-Pad1)">
      <node ref="D26" pin="1" pinfunction="DOUT" pintype="output"/>
      <node ref="D27" pin="4" pinfunction="DIN" pintype="input"/>
    </net>
    <net code="40" name="Net-(D27-Pad1)">
      <node ref="D27" pin="1" pinfunction="DOUT" pintype="output"/>
      <node ref="D28" pin="4" pinfunction="DIN" pintype="input"/>
    </net>
    <net code="41" name="Net-(D28-Pad1)">
      <node ref="D28" pin="1" pinfunction="DOUT" pintype="output"/>
      <node ref="D29" pin="4" pinfunction="DIN" pintype="input"/>
    </net>
    <net code="42" name="Net-(D29-Pad1)">
      <node ref="D29" pin="1" pinfunction="DOUT" pintype="output"/>
      <node ref="D30" pin="4" pinfunction="DIN" pintype="input"/>
    </net>
    <net code="43" name="Net-(D31-Pad1)">
      <node ref="D31" pin="1" pinfunction="DOUT" pintype="output"/>
      <node ref="D32" pin="4" pinfunction="DIN" pintype="input"/>
    </net>
    <net code="44" name="Net-(D33-Pad1)">
      <node ref="D33" pin="1" pinfunction="DOUT" pintype="output"/>
      <node ref="D34" pin="4" pinfunction="DIN" pintype="input"/>
    </net>
    <net code="45" name="Net-(D34-Pad1)">
      <node ref="D34" pin="1" pinfunction="DOUT" pintype="output"/>
      <node ref="D35" pin="4" pinfunction="DIN" pintype="input"/>
    </net>
    <net code="46" name="Net-(D35-Pad1)">
      <node ref="D35" pin="1" pinfunction="DOUT" pintype="output"/>
      <node ref="D36" pin="4" pinfunction="DIN" pintype="input"/>
    </net>
    <net code="47" name="unconnected-(A1-Pad1)">
      <node ref="A1" pin="1" pinfunction="~{RESET}" pintype="input"/>
    </net>
    <net code="48" name="unconnected-(A1-Pad2)">
      <node ref="A1" pin="2" pinfunction="3V3" pintype="power_in"/>
    </net>
    <net code="49" name="unconnected-(A1-Pad3)">
      <node ref="A1" pin="3" pinfunction="AREF" pintype="input"/>
    </net>
    <net code="50" name="unconnected-(A1-Pad4)">
      <node ref="A1" pin="4" pinfunction="GND" pintype="power_in"/>
    </net>
    <net code="51" name="unconnected-(A1-Pad5)">
      <node ref="A1" pin="5" pinfunction="A0" pintype="bidirectional"/>
    </net>
    <net code="52" name="unconnected-(A1-Pad6)">
      <node ref="A1" pin="6" pinfunction="A1" pintype="bidirectional"/>
    </net>
    <net code="53" name="unconnected-(A1-Pad7)">
      <node ref="A1" pin="7" pinfunction="A2" pintype="bidirectional"/>
    </net>
    <net code="54" name="unconnected-(A1-Pad8)">
      <node ref="A1" pin="8" pinfunction="A3" pintype="bidirectional"/>
    </net>
    <net code="55" name="unconnected-(A1-Pad9)">
      <node ref="A1" pin="9" pinfunction="A4" pintype="bidirectional"/>
    </net>
    <net code="56" name="unconnected-(A1-Pad10)">
      <node ref="A1" pin="10" pinfunction="A5" pintype="bidirectional"/>
    </net>
    <net code="57" name="unconnected-(A1-Pad11)">
      <node ref="A1" pin="11" pinfunction="SCK" pintype="bidirectional"/>
    </net>
    <net code="58" name="unconnected-(A1-Pad12)">
      <node ref="A1" pin="12" pinfunction="MOSI" pintype="bidirectional"/>
    </net>
    <net code="59" name="unconnected-(A1-Pad13)">
      <node ref="A1" pin="13" pinfunction="MISO" pintype="bidirectional"/>
    </net>
    <net code="60" name="unconnected-(A1-Pad14)">
      <node ref="A1" pin="14" pinfunction="RX" pintype="bidirectional"/>
    </net>
    <net code="61" name="unconnected-(A1-Pad15)">
      <node ref="A1" pin="15" pinfunction="TX" pintype="bidirectional"/>
    </net>
    <net code="62" name="unconnected-(A1-Pad16)">
      <node ref="A1" pin="16" pinfunction="SPARE" pintype="bidirectional"/>
    </net>
    <net code="63" name="unconnected-(A1-Pad17)">
      <node ref="A1" pin="17" pinfunction="SDA" pintype="bidirectional"/>
    </net>
    <net code="64" name="unconnected-(A1-Pad18)">
      <node ref="A1" pin="18" pinfunction="SCL" pintype="bidirectional"/>
    </net>
    <net code="65" name="unconnected-(A1-Pad20)">
      <node ref="A1" pin="20" pinfunction="D1" pintype="bidirectional"/>
    </net>
    <net code="66" name="unconnected-(A1-Pad21)">
      <node ref="A1" pin="21" pinfunction="D2" pintype="bidirectional"/>
    </net>
    <net code="67" name="unconnected-(A1-Pad22)">
      <node ref="A1" pin="22" pinfunction="D3" pintype="bidirectional"/>
    </net>
    <net code="68" name="unconnected-(A1-Pad23)">
      <node ref="A1" pin="23" pinfunction="D4" pintype="bidirectional"/>
    </net>
    <net code="69" name="unconnected-(A1-Pad24)">
      <node ref="A1" pin="24" pinfunction="D5" pintype="bidirectional"/>
    </net>
    <net code="70" name="unconnected-(A1-Pad25)">
      <node ref="A1" pin="25" pinfunction="D6" pintype="bidirectional"/>
    </net>
    <net code="71" name="unconnected-(A1-Pad26)">
      <node ref="A1" pin="26" pinfunction="USB" pintype="power_in"/>
    </net>
    <net code="72" name="unconnected-(A1-Pad27)">
      <node ref="A1" pin="27" pinfunction="EN" pintype="input"/>
    </net>
    <net code="73" name="unconnected-(A1-Pad28)">
      <node ref="A1" pin="28" pinfunction="VBAT" pintype="power_in"/>
    </net>
    <net code="74" name="unconnected-(D1-Pad3)">
      <node ref="D1" pin="3" pinfunction="VDD" pintype="power_in"/>
    </net>
    <net code="75" name="unconnected-(D6-Pad1)">
      <node ref="D6" pin="1" pinfunction="DOUT" pintype="output"/>
    </net>
    <net code="76" name="unconnected-(D7-Pad4)">
      <node ref="D7" pin="4" pinfunction="DIN" pintype="input"/>
    </net>
    <net code="77" name="unconnected-(D9-Pad3)">
      <node ref="D9" pin="3" pinfunction="VDD" pintype="power_in"/>
    </net>
    <net code="78" name="unconnected-(D14-Pad1)">
      <node ref="D14" pin="1" pinfunction="DOUT" pintype="output"/>
    </net>
    <net code="79" name="unconnected-(D15-Pad4)">
      <node ref="D15" pin="4" pinfunction="DIN" pintype="input"/>
    </net>
    <net code="80" name="unconnected-(D17-Pad3)">
      <node ref="D17" pin="3" pinfunction="VDD" pintype="power_in"/>
    </net>
    <net code="81" name="unconnected-(D22-Pad1)">
      <node ref="D22" pin="1" pinfunction="DOUT" pintype="output"/>
    </net>
    <net code="82" name="unconnected-(D23-Pad4)">
      <node ref="D23" pin="4" pinfunction="DIN" pintype="input"/>
    </net>
    <net code="83" name="unconnected-(D25-Pad3)">
      <node ref="D25" pin="3" pinfunction="VDD" pintype="power_in"/>
    </net>
    <net code="84" name="unconnected-(D30-Pad1)">
      <node ref="D30" pin="1" pinfunction="DOUT" pintype="output"/>
    </net>
    <net code="85" name="unconnected-(D31-Pad4)">
      <node ref="D31" pin="4" pinfunction="DIN" pintype="input"/>
    </net>
    <net code="86" name="unconnected-(D33-Pad3)">
      <node ref="D33" pin="3" pinfunction="VDD" pintype="power_in"/>
    </net>
    <net code="87" name="unconnected-(U$2-Pad7)">
      <node ref="U$2" pin="7" pinfunction="PIN7(SWDIO)" pintype="bidirectional"/>
    </net>
    <net code="88" name="unconnected-(U$2-Pad8)">
      <node ref="U$2" pin="8" pinfunction="PIN8(SWCLK)" pintype="bidirectional"/>
    </net>
  </nets>
</export>
